Designator,Val,Package,Mid X,Mid Y,Rotation,Layer
C1,100n,LED_0402_1005Metric,211.45,-83.55,180,top
C2,100n,LED_0402_1005Metric,207.05,-78.95,-90,top
C3,100n,LED_0402_1005Metric,208.2,-78.95,-90,top
C4,100n,LED_0402_1005Metric,213.15,-84.55,180,top
C5,100n,LED_0402_1005Metric,213.6,-87.5,180,top
C6,1u,LED_0402_1005Metric,210.65,-81.5,180,top
C7,100n,LED_0402_1005Metric,205.97,-78.95,-90,top
C8,1u,LED_0402_1005Metric,210.655,-82.5,180,top
C9,100n,LED_0402_1005Metric,201.607053,-82.907053,-45,top
C10,100n,LED_0402_1005Metric,206.6175,-93.345,-90,top
C11,100n,LED_0402_1005Metric,198.7825,-87.307053,135,top
C12,100n,LED_0402_1005Metric,207.65,-93.365,-90,top
C13,100n,LED_0402_1005Metric,209.2025,-76.8325,90,top
D1,LED,LED_0402_1005Metric,211.083085,-22.285585,-45,top
D2,LED,LED_0402_1005Metric,209.333085,-22.285585,-45,top
D3,LED,LED_0402_1005Metric,207.583085,-22.285585,-45,top
D4,LED,LED_0402_1005Metric,205.833085,-22.285585,-45,top
D5,LED,LED_0402_1005Metric,204.083085,-22.285585,-45,top
D6,LED,LED_0402_1005Metric,202.333085,-22.285585,-45,top
D7,LED,LED_0402_1005Metric,200.583085,-22.285585,-45,top
D8,LED,LED_0402_1005Metric,198.833085,-22.285585,-45,top
D9,LED,LED_0402_1005Metric,197.083085,-22.285585,-45,top
D10,LED,LED_0402_1005Metric,195.333085,-22.285585,-45,top
D11,LED,LED_0402_1005Metric,193.583085,-22.285585,-45,top
D12,LED,LED_0402_1005Metric,191.833085,-22.285585,-45,top
D13,LED,LED_0402_1005Metric,190.083085,-22.285585,-45,top
D14,LED,LED_0402_1005Metric,188.333085,-22.285585,-45,top
D15,LED,LED_0402_1005Metric,186.583085,-22.285585,-45,top
D16,LED,LED_0402_1005Metric,184.833085,-22.285585,-45,top
D17,LED,LED_0402_1005Metric,183.083085,-22.285585,-45,top
D18,LED,LED_0402_1005Metric,181.333085,-22.285585,-45,top
D19,LED,LED_0402_1005Metric,179.583085,-22.285585,-45,top
D20,LED,LED_0402_1005Metric,177.833085,-22.285585,-45,top
D21,LED,LED_0402_1005Metric,175.956048,-22.406048,-45,top
D22,LED,LED_0402_1005Metric,211.083085,-24.310585,-45,top
D23,LED,LED_0402_1005Metric,209.333085,-24.310585,-45,top
D24,LED,LED_0402_1005Metric,207.583085,-24.310585,-45,top
D25,LED,LED_0402_1005Metric,205.833085,-24.310585,-45,top
D26,LED,LED_0402_1005Metric,204.083085,-24.310585,-45,top
D27,LED,LED_0402_1005Metric,202.333085,-24.310585,-45,top
D28,LED,LED_0402_1005Metric,200.583085,-24.310585,-45,top
D29,LED,LED_0402_1005Metric,198.833085,-24.310585,-45,top
D30,LED,LED_0402_1005Metric,197.083085,-24.310585,-45,top
D31,LED,LED_0402_1005Metric,195.333085,-24.310585,-45,top
D32,LED,LED_0402_1005Metric,193.583085,-24.310585,-45,top
D33,LED,LED_0402_1005Metric,191.833085,-24.310585,-45,top
D34,LED,LED_0402_1005Metric,190.083085,-24.310585,-45,top
D35,LED,LED_0402_1005Metric,188.333085,-24.310585,-45,top
D36,LED,LED_0402_1005Metric,186.583085,-24.310585,-45,top
D37,LED,LED_0402_1005Metric,184.833085,-24.310585,-45,top
D38,LED,LED_0402_1005Metric,183.083085,-24.310585,-45,top
D39,LED,LED_0402_1005Metric,181.333085,-24.310585,-45,top
D40,LED,LED_0402_1005Metric,179.583085,-24.310585,-45,top
D41,LED,LED_0402_1005Metric,177.833085,-24.310585,-45,top
D42,LED,LED_0402_1005Metric,176.083085,-24.310585,-45,top
D43,LED,LED_0402_1005Metric,211.083085,-26.285585,-45,top
D44,LED,LED_0402_1005Metric,209.333085,-26.285585,-45,top
D45,LED,LED_0402_1005Metric,207.583085,-26.285585,-45,top
D46,LED,LED_0402_1005Metric,205.833085,-26.285585,-45,top
D47,LED,LED_0402_1005Metric,204.083085,-26.285585,-45,top
D48,LED,LED_0402_1005Metric,202.333085,-26.285585,-45,top
D49,LED,LED_0402_1005Metric,200.583085,-26.285585,-45,top
D50,LED,LED_0402_1005Metric,198.833085,-26.285585,-45,top
D51,LED,LED_0402_1005Metric,197.083085,-26.285585,-45,top
D52,LED,LED_0402_1005Metric,195.333086,-26.285584,-45,top
D53,LED,LED_0402_1005Metric,193.583085,-26.285585,-45,top
D54,LED,LED_0402_1005Metric,191.833085,-26.285585,-45,top
D55,LED,LED_0402_1005Metric,190.083085,-26.285585,-45,top
D56,LED,LED_0402_1005Metric,188.333085,-26.285585,-45,top
D57,LED,LED_0402_1005Metric,186.583085,-26.285585,-45,top
D58,LED,LED_0402_1005Metric,184.833085,-26.285585,-45,top
D59,LED,LED_0402_1005Metric,183.083085,-26.285585,-45,top
D60,LED,LED_0402_1005Metric,181.333085,-26.285585,-45,top
D61,LED,LED_0402_1005Metric,179.583085,-26.285585,-45,top
D62,LED,LED_0402_1005Metric,177.833085,-26.285585,-45,top
D63,LED,LED_0402_1005Metric,176.083085,-26.285585,-45,top
D64,LED,LED_0402_1005Metric,211.083085,-28.310585,-45,top
D65,LED,LED_0402_1005Metric,209.333085,-28.310585,-45,top
D66,LED,LED_0402_1005Metric,207.583085,-28.310585,-45,top
D67,LED,LED_0402_1005Metric,205.833085,-28.310585,-45,top
D68,LED,LED_0402_1005Metric,204.083085,-28.310585,-45,top
D69,LED,LED_0402_1005Metric,202.333085,-28.310585,-45,top
D70,LED,LED_0402_1005Metric,200.583085,-28.310585,-45,top
D71,LED,LED_0402_1005Metric,198.833085,-28.310585,-45,top
D72,LED,LED_0402_1005Metric,197.083085,-28.310585,-45,top
D73,LED,LED_0402_1005Metric,195.333085,-28.310585,-45,top
D74,LED,LED_0402_1005Metric,193.583085,-28.310585,-45,top
D75,LED,LED_0402_1005Metric,191.833085,-28.310585,-45,top
D76,LED,LED_0402_1005Metric,190.083085,-28.310585,-45,top
D77,LED,LED_0402_1005Metric,188.333085,-28.310585,-45,top
D78,LED,LED_0402_1005Metric,186.583085,-28.310585,-45,top
D79,LED,LED_0402_1005Metric,184.833085,-28.310585,-45,top
D80,LED,LED_0402_1005Metric,183.083086,-28.310584,-45,top
D81,LED,LED_0402_1005Metric,181.333085,-28.310585,-45,top
D82,LED,LED_0402_1005Metric,179.583085,-28.310585,-45,top
D83,LED,LED_0402_1005Metric,177.833085,-28.310585,-45,top
D84,LED,LED_0402_1005Metric,176.083085,-28.310585,-45,top
D85,LED,LED_0402_1005Metric,211.083085,-30.465585,-45,top
D86,LED,LED_0402_1005Metric,209.333085,-30.465585,-45,top
D87,LED,LED_0402_1005Metric,207.583085,-30.465585,-45,top
D88,LED,LED_0402_1005Metric,205.833085,-30.465585,-45,top
D89,LED,LED_0402_1005Metric,204.083085,-30.465585,-45,top
D90,LED,LED_0402_1005Metric,202.333085,-30.465585,-45,top
D91,LED,LED_0402_1005Metric,200.583085,-30.465585,-45,top
D92,LED,LED_0402_1005Metric,198.833085,-30.465585,-45,top
D93,LED,LED_0402_1005Metric,197.083085,-30.465585,-45,top
D94,LED,LED_0402_1005Metric,195.333085,-30.465585,-45,top
D95,LED,LED_0402_1005Metric,193.583085,-30.465585,-45,top
D96,LED,LED_0402_1005Metric,191.833085,-30.465585,-45,top
D97,LED,LED_0402_1005Metric,190.083085,-30.465585,-45,top
D98,LED,LED_0402_1005Metric,188.333085,-30.465585,-45,top
D99,LED,LED_0402_1005Metric,186.583085,-30.465585,-45,top
D100,LED,LED_0402_1005Metric,184.833085,-30.465585,-45,top
D101,LED,LED_0402_1005Metric,183.083085,-30.465585,-45,top
D102,LED,LED_0402_1005Metric,181.333085,-30.465585,-45,top
D103,LED,LED_0402_1005Metric,179.583085,-30.465585,-45,top
D104,LED,LED_0402_1005Metric,177.833085,-30.465585,-45,top
D105,LED,LED_0402_1005Metric,176.083085,-30.465585,-45,top
D106,LED,LED_0402_1005Metric,211.083085,-32.785585,-45,top
D107,LED,LED_0402_1005Metric,209.333085,-32.785585,-45,top
D108,LED,LED_0402_1005Metric,207.583085,-32.785585,-45,top
D109,LED,LED_0402_1005Metric,205.833085,-32.785585,-45,top
D110,LED,LED_0402_1005Metric,204.083085,-32.785585,-45,top
D111,LED,LED_0402_1005Metric,202.333085,-32.785585,-45,top
D112,LED,LED_0402_1005Metric,200.583085,-32.785585,-45,top
D113,LED,LED_0402_1005Metric,198.833085,-32.785585,-45,top
D114,LED,LED_0402_1005Metric,197.083085,-32.785585,-45,top
D115,LED,LED_0402_1005Metric,195.333085,-32.785585,-45,top
D116,LED,LED_0402_1005Metric,193.583085,-32.785585,-45,top
D117,LED,LED_0402_1005Metric,191.833085,-32.785585,-45,top
D118,LED,LED_0402_1005Metric,190.083085,-32.785585,-45,top
D119,LED,LED_0402_1005Metric,188.333085,-32.785585,-45,top
D120,LED,LED_0402_1005Metric,186.583085,-32.785585,-45,top
D121,LED,LED_0402_1005Metric,184.833085,-32.785585,-45,top
D122,LED,LED_0402_1005Metric,183.083085,-32.785585,-45,top
D123,LED,LED_0402_1005Metric,181.333085,-32.785585,-45,top
D124,LED,LED_0402_1005Metric,179.583085,-32.785585,-45,top
D125,LED,LED_0402_1005Metric,177.833085,-32.785585,-45,top
D126,LED,LED_0402_1005Metric,176.083085,-32.785585,-45,top
D127,LED,LED_0402_1005Metric,211.083085,-35.120585,-45,top
D128,LED,LED_0402_1005Metric,209.333085,-35.120585,-45,top
D129,LED,LED_0402_1005Metric,207.583085,-35.120585,-45,top
D130,LED,LED_0402_1005Metric,205.833085,-35.120585,-45,top
D131,LED,LED_0402_1005Metric,204.083085,-35.120585,-45,top
D132,LED,LED_0402_1005Metric,202.333085,-35.120585,-45,top
D133,LED,LED_0402_1005Metric,200.583085,-35.120585,-45,top
D134,LED,LED_0402_1005Metric,198.833085,-35.120585,-45,top
D135,LED,LED_0402_1005Metric,197.083085,-35.120585,-45,top
D136,LED,LED_0402_1005Metric,195.333085,-35.120585,-45,top
D137,LED,LED_0402_1005Metric,193.583085,-35.120585,-45,top
D138,LED,LED_0402_1005Metric,191.833085,-35.120585,-45,top
D139,LED,LED_0402_1005Metric,190.083085,-35.120585,-45,top
D140,LED,LED_0402_1005Metric,188.333085,-35.120585,-45,top
D141,LED,LED_0402_1005Metric,186.583085,-35.120585,-45,top
D142,LED,LED_0402_1005Metric,184.833085,-35.120585,-45,top
D143,LED,LED_0402_1005Metric,183.083085,-35.120585,-45,top
D144,LED,LED_0402_1005Metric,181.333085,-35.120585,-45,top
D145,LED,LED_0402_1005Metric,179.583085,-35.120585,-45,top
D146,LED,LED_0402_1005Metric,177.833085,-35.120585,-45,top
D147,LED,LED_0402_1005Metric,176.083085,-35.120585,-45,top
D148,LED,LED_0402_1005Metric,211.083085,-37.310585,-45,top
D149,LED,LED_0402_1005Metric,209.333085,-37.310585,-45,top
D150,LED,LED_0402_1005Metric,207.583085,-37.310585,-45,top
D151,LED,LED_0402_1005Metric,205.833085,-37.310585,-45,top
D152,LED,LED_0402_1005Metric,204.083085,-37.310585,-45,top
D153,LED,LED_0402_1005Metric,202.333085,-37.310585,-45,top
D154,LED,LED_0402_1005Metric,200.583085,-37.310585,-45,top
D155,LED,LED_0402_1005Metric,198.833085,-37.310585,-45,top
D156,LED,LED_0402_1005Metric,197.083085,-37.310585,-45,top
D157,LED,LED_0402_1005Metric,195.333085,-37.310585,-45,top
D158,LED,LED_0402_1005Metric,193.583085,-37.310585,-45,top
D159,LED,LED_0402_1005Metric,191.833085,-37.310585,-45,top
D160,LED,LED_0402_1005Metric,190.083085,-37.310585,-45,top
D161,LED,LED_0402_1005Metric,188.333085,-37.310585,-45,top
D162,LED,LED_0402_1005Metric,186.583085,-37.310585,-45,top
D163,LED,LED_0402_1005Metric,184.833085,-37.310585,-45,top
D164,LED,LED_0402_1005Metric,183.083085,-37.310585,-45,top
D165,LED,LED_0402_1005Metric,181.333085,-37.310585,-45,top
D166,LED,LED_0402_1005Metric,179.583085,-37.310585,-45,top
D167,LED,LED_0402_1005Metric,177.833085,-37.310585,-45,top
D168,LED,LED_0402_1005Metric,176.083085,-37.310585,-45,top
D169,LED,LED_0402_1005Metric,211.083085,-39.560585,-45,top
D170,LED,LED_0402_1005Metric,209.333085,-39.560585,-45,top
D171,LED,LED_0402_1005Metric,207.583085,-39.560585,-45,top
D172,LED,LED_0402_1005Metric,205.833085,-39.560585,-45,top
D173,LED,LED_0402_1005Metric,204.083085,-39.560585,-45,top
D174,LED,LED_0402_1005Metric,202.333085,-39.560585,-45,top
D175,LED,LED_0402_1005Metric,200.583085,-39.560585,-45,top
D176,LED,LED_0402_1005Metric,198.833085,-39.560585,-45,top
D177,LED,LED_0402_1005Metric,197.083085,-39.560585,-45,top
D178,LED,LED_0402_1005Metric,195.333085,-39.560585,-45,top
D179,LED,LED_0402_1005Metric,193.583085,-39.560585,-45,top
D180,LED,LED_0402_1005Metric,191.833085,-39.560585,-45,top
D181,LED,LED_0402_1005Metric,190.083085,-39.560585,-45,top
D182,LED,LED_0402_1005Metric,188.333085,-39.560585,-45,top
D183,LED,LED_0402_1005Metric,186.583085,-39.560585,-45,top
D184,LED,LED_0402_1005Metric,184.833085,-39.560585,-45,top
D185,LED,LED_0402_1005Metric,183.083085,-39.560585,-45,top
D186,LED,LED_0402_1005Metric,181.333085,-39.560585,-45,top
D187,LED,LED_0402_1005Metric,179.583085,-39.560585,-45,top
D188,LED,LED_0402_1005Metric,177.833085,-39.560585,-45,top
D189,LED,LED_0402_1005Metric,176.083085,-39.560585,-45,top
D190,LED,LED_0402_1005Metric,211.083085,-41.810585,-45,top
D191,LED,LED_0402_1005Metric,209.333085,-41.810585,-45,top
D192,LED,LED_0402_1005Metric,207.583085,-41.810585,-45,top
D193,LED,LED_0402_1005Metric,205.833085,-41.810585,-45,top
D194,LED,LED_0402_1005Metric,204.083085,-41.810585,-45,top
D195,LED,LED_0402_1005Metric,202.333085,-41.810585,-45,top
D196,LED,LED_0402_1005Metric,200.583085,-41.810585,-45,top
D197,LED,LED_0402_1005Metric,198.833085,-41.810585,-45,top
D198,LED,LED_0402_1005Metric,197.083085,-41.810585,-45,top
D199,LED,LED_0402_1005Metric,195.333085,-41.810585,-45,top
D200,LED,LED_0402_1005Metric,193.583085,-41.810585,-45,top
D201,LED,LED_0402_1005Metric,191.833085,-41.810585,-45,top
D202,LED,LED_0402_1005Metric,190.083085,-41.810585,-45,top
D203,LED,LED_0402_1005Metric,188.333085,-41.810585,-45,top
D204,LED,LED_0402_1005Metric,186.583085,-41.810585,-45,top
D205,LED,LED_0402_1005Metric,184.833085,-41.810585,-45,top
D206,LED,LED_0402_1005Metric,183.083085,-41.810585,-45,top
D207,LED,LED_0402_1005Metric,181.333085,-41.810585,-45,top
D208,LED,LED_0402_1005Metric,179.583085,-41.810585,-45,top
D209,LED,LED_0402_1005Metric,177.833085,-41.810585,-45,top
D210,LED,LED_0402_1005Metric,176.083085,-41.810585,-45,top
D211,LED,LED_0402_1005Metric,211.083085,-44.060585,-45,top
D212,LED,LED_0402_1005Metric,209.333085,-44.060585,-45,top
D213,LED,LED_0402_1005Metric,207.583085,-44.060585,-45,top
D214,LED,LED_0402_1005Metric,205.833085,-44.060585,-45,top
D215,LED,LED_0402_1005Metric,204.083085,-44.060585,-45,top
D216,LED,LED_0402_1005Metric,202.333085,-44.060585,-45,top
D217,LED,LED_0402_1005Metric,200.583085,-44.060585,-45,top
D218,LED,LED_0402_1005Metric,198.833085,-44.060585,-45,top
D219,LED,LED_0402_1005Metric,197.083085,-44.060585,-45,top
D220,LED,LED_0402_1005Metric,195.333085,-44.060585,-45,top
D221,LED,LED_0402_1005Metric,193.583085,-44.060585,-45,top
D222,LED,LED_0402_1005Metric,191.833085,-44.060585,-45,top
D223,LED,LED_0402_1005Metric,190.083085,-44.060585,-45,top
D224,LED,LED_0402_1005Metric,188.333085,-44.060585,-45,top
D225,LED,LED_0402_1005Metric,186.583085,-44.060585,-45,top
D226,LED,LED_0402_1005Metric,184.833085,-44.060585,-45,top
D227,LED,LED_0402_1005Metric,183.083085,-44.060585,-45,top
D228,LED,LED_0402_1005Metric,181.333085,-44.060585,-45,top
D229,LED,LED_0402_1005Metric,179.583085,-44.060585,-45,top
D230,LED,LED_0402_1005Metric,177.833085,-44.060585,-45,top
D231,LED,LED_0402_1005Metric,176.083085,-44.060585,-45,top
D232,LED,LED_0402_1005Metric,211.083085,-46.285585,-45,top
D233,LED,LED_0402_1005Metric,209.333085,-46.285585,-45,top
D234,LED,LED_0402_1005Metric,207.583085,-46.285585,-45,top
D235,LED,LED_0402_1005Metric,205.833085,-46.285585,-45,top
D236,LED,LED_0402_1005Metric,204.083085,-46.285585,-45,top
D237,LED,LED_0402_1005Metric,202.333085,-46.285585,-45,top
D238,LED,LED_0402_1005Metric,200.583085,-46.285585,-45,top
D239,LED,LED_0402_1005Metric,198.833085,-46.285585,-45,top
D240,LED,LED_0402_1005Metric,197.083085,-46.285585,-45,top
D241,LED,LED_0402_1005Metric,195.333085,-46.285585,-45,top
D242,LED,LED_0402_1005Metric,193.583085,-46.285585,-45,top
D243,LED,LED_0402_1005Metric,191.833085,-46.285585,-45,top
D244,LED,LED_0402_1005Metric,190.083085,-46.285585,-45,top
D245,LED,LED_0402_1005Metric,188.333085,-46.285585,-45,top
D246,LED,LED_0402_1005Metric,186.583085,-46.285585,-45,top
D247,LED,LED_0402_1005Metric,184.833085,-46.285585,-45,top
D248,LED,LED_0402_1005Metric,183.083085,-46.285585,-45,top
D249,LED,LED_0402_1005Metric,181.333085,-46.285585,-45,top
D250,LED,LED_0402_1005Metric,179.583085,-46.285585,-45,top
D251,LED,LED_0402_1005Metric,177.833085,-46.285585,-45,top
D252,LED,LED_0402_1005Metric,176.083085,-46.285585,-45,top
D253,LED,LED_0402_1005Metric,211.083085,-48.465585,-45,top
D254,LED,LED_0402_1005Metric,209.333085,-48.465585,-45,top
D255,LED,LED_0402_1005Metric,207.583085,-48.465585,-45,top
D256,LED,LED_0402_1005Metric,205.833085,-48.465585,-45,top
D257,LED,LED_0402_1005Metric,204.083085,-48.465585,-45,top
D258,LED,LED_0402_1005Metric,202.333085,-48.465585,-45,top
D259,LED,LED_0402_1005Metric,200.583085,-48.465585,-45,top
D260,LED,LED_0402_1005Metric,198.833085,-48.465585,-45,top
D261,LED,LED_0402_1005Metric,197.083085,-48.465585,-45,top
D262,LED,LED_0402_1005Metric,195.333085,-48.465585,-45,top
D263,LED,LED_0402_1005Metric,193.583085,-48.465585,-45,top
D264,LED,LED_0402_1005Metric,191.833085,-48.465585,-45,top
D265,LED,LED_0402_1005Metric,190.083085,-48.465585,-45,top
D266,LED,LED_0402_1005Metric,188.333085,-48.465585,-45,top
D267,LED,LED_0402_1005Metric,186.583085,-48.465585,-45,top
D268,LED,LED_0402_1005Metric,184.833085,-48.465585,-45,top
D269,LED,LED_0402_1005Metric,183.083085,-48.465585,-45,top
D270,LED,LED_0402_1005Metric,181.333085,-48.465585,-45,top
D271,LED,LED_0402_1005Metric,179.583085,-48.465585,-45,top
D272,LED,LED_0402_1005Metric,177.833085,-48.465585,-45,top
D273,LED,LED_0402_1005Metric,176.083085,-48.465585,-45,top
D274,LED,LED_0402_1005Metric,211.083085,-50.690585,-45,top
D275,LED,LED_0402_1005Metric,209.333085,-50.690585,-45,top
D276,LED,LED_0402_1005Metric,207.583085,-50.690585,-45,top
D277,LED,LED_0402_1005Metric,205.833085,-50.690585,-45,top
D278,LED,LED_0402_1005Metric,204.083085,-50.690585,-45,top
D279,LED,LED_0402_1005Metric,202.333085,-50.690585,-45,top
D280,LED,LED_0402_1005Metric,200.583085,-50.690585,-45,top
D281,LED,LED_0402_1005Metric,198.833085,-50.690585,-45,top
D282,LED,LED_0402_1005Metric,197.083085,-50.690585,-45,top
D283,LED,LED_0402_1005Metric,195.333085,-50.690585,-45,top
D284,LED,LED_0402_1005Metric,193.583085,-50.690585,-45,top
D285,LED,LED_0402_1005Metric,191.833085,-50.690585,-45,top
D286,LED,LED_0402_1005Metric,190.083085,-50.690585,-45,top
D287,LED,LED_0402_1005Metric,188.333085,-50.690585,-45,top
D288,LED,LED_0402_1005Metric,186.583085,-50.690585,-45,top
D289,LED,LED_0402_1005Metric,184.833085,-50.690585,-45,top
D290,LED,LED_0402_1005Metric,183.083085,-50.690585,-45,top
D291,LED,LED_0402_1005Metric,181.333085,-50.690585,-45,top
D292,LED,LED_0402_1005Metric,179.583085,-50.690585,-45,top
D293,LED,LED_0402_1005Metric,177.833085,-50.690585,-45,top
D294,LED,LED_0402_1005Metric,176.083085,-50.690585,-45,top
D295,LED,LED_0402_1005Metric,211.083085,-53.035585,-45,top
D296,LED,LED_0402_1005Metric,209.333085,-53.035585,-45,top
D297,LED,LED_0402_1005Metric,207.583085,-53.035585,-45,top
D298,LED,LED_0402_1005Metric,205.833085,-53.035585,-45,top
D299,LED,LED_0402_1005Metric,204.083085,-53.035585,-45,top
D300,LED,LED_0402_1005Metric,202.333085,-53.035585,-45,top
D301,LED,LED_0402_1005Metric,200.583085,-53.035585,-45,top
D302,LED,LED_0402_1005Metric,198.833085,-53.035585,-45,top
D303,LED,LED_0402_1005Metric,197.083085,-53.035585,-45,top
D304,LED,LED_0402_1005Metric,195.333085,-53.035585,-45,top
D305,LED,LED_0402_1005Metric,193.583085,-53.035585,-45,top
D306,LED,LED_0402_1005Metric,191.833085,-53.035585,-45,top
D307,LED,LED_0402_1005Metric,190.083085,-53.035585,-45,top
D308,LED,LED_0402_1005Metric,188.333085,-53.035585,-45,top
D309,LED,LED_0402_1005Metric,186.583085,-53.035585,-45,top
D310,LED,LED_0402_1005Metric,184.833085,-53.035585,-45,top
D311,LED,LED_0402_1005Metric,183.083085,-53.035585,-45,top
D312,LED,LED_0402_1005Metric,181.333085,-53.035585,-45,top
D313,LED,LED_0402_1005Metric,179.583085,-53.035585,-45,top
D314,LED,LED_0402_1005Metric,177.833085,-53.035585,-45,top
D315,LED,LED_0402_1005Metric,176.083085,-53.035585,-45,top
D316,LED,LED_0402_1005Metric,211.083085,-55.465585,-45,top
D317,LED,LED_0402_1005Metric,209.333085,-55.465585,-45,top
D318,LED,LED_0402_1005Metric,207.583085,-55.465585,-45,top
D319,LED,LED_0402_1005Metric,205.833085,-55.465585,-45,top
D320,LED,LED_0402_1005Metric,204.083085,-55.465585,-45,top
D321,LED,LED_0402_1005Metric,202.333085,-55.465585,-45,top
D322,LED,LED_0402_1005Metric,200.583085,-55.465585,-45,top
D323,LED,LED_0402_1005Metric,198.833085,-55.465585,-45,top
D324,LED,LED_0402_1005Metric,197.083085,-55.465585,-45,top
D325,LED,LED_0402_1005Metric,195.333085,-55.465585,-45,top
D326,LED,LED_0402_1005Metric,193.583085,-55.465585,-45,top
D327,LED,LED_0402_1005Metric,191.833085,-55.465585,-45,top
D328,LED,LED_0402_1005Metric,190.083085,-55.465585,-45,top
D329,LED,LED_0402_1005Metric,188.333085,-55.465585,-45,top
D330,LED,LED_0402_1005Metric,186.583085,-55.465585,-45,top
D331,LED,LED_0402_1005Metric,184.833085,-55.465585,-45,top
D332,LED,LED_0402_1005Metric,183.083085,-55.465585,-45,top
D333,LED,LED_0402_1005Metric,181.333085,-55.465585,-45,top
D334,LED,LED_0402_1005Metric,179.583085,-55.465585,-45,top
D335,LED,LED_0402_1005Metric,177.833085,-55.465585,-45,top
D336,LED,LED_0402_1005Metric,176.083085,-55.465585,-45,top
D337,LED,LED_0402_1005Metric,211.083085,-57.785585,-45,top
D338,LED,LED_0402_1005Metric,209.333085,-57.785585,-45,top
D339,LED,LED_0402_1005Metric,207.583085,-57.785585,-45,top
D340,LED,LED_0402_1005Metric,205.833085,-57.785585,-45,top
D341,LED,LED_0402_1005Metric,204.083085,-57.785585,-45,top
D342,LED,LED_0402_1005Metric,202.333085,-57.785585,-45,top
D343,LED,LED_0402_1005Metric,200.583085,-57.785585,-45,top
D344,LED,LED_0402_1005Metric,198.833085,-57.785585,-45,top
D345,LED,LED_0402_1005Metric,197.083085,-57.785585,-45,top
D346,LED,LED_0402_1005Metric,195.333085,-57.785585,-45,top
D347,LED,LED_0402_1005Metric,193.583085,-57.785585,-45,top
D348,LED,LED_0402_1005Metric,191.833085,-57.785585,-45,top
D349,LED,LED_0402_1005Metric,190.083085,-57.785585,-45,top
D350,LED,LED_0402_1005Metric,188.333085,-57.785585,-45,top
D351,LED,LED_0402_1005Metric,186.583085,-57.785585,-45,top
D352,LED,LED_0402_1005Metric,184.833085,-57.785585,-45,top
D353,LED,LED_0402_1005Metric,183.083085,-57.785585,-45,top
D354,LED,LED_0402_1005Metric,181.333085,-57.785585,-45,top
D355,LED,LED_0402_1005Metric,179.583085,-57.785585,-45,top
D356,LED,LED_0402_1005Metric,177.833085,-57.785585,-45,top
D357,LED,LED_0402_1005Metric,176.083085,-57.785585,-45,top
D358,LED,LED_0402_1005Metric,211.083085,-60.310585,-45,top
D359,LED,LED_0402_1005Metric,209.333085,-60.310585,-45,top
D360,LED,LED_0402_1005Metric,207.583085,-60.310585,-45,top
D361,LED,LED_0402_1005Metric,205.833085,-60.310585,-45,top
D362,LED,LED_0402_1005Metric,204.083085,-60.310585,-45,top
D363,LED,LED_0402_1005Metric,202.333085,-60.310585,-45,top
D364,LED,LED_0402_1005Metric,200.583085,-60.310585,-45,top
D365,LED,LED_0402_1005Metric,198.833085,-60.310585,-45,top
D366,LED,LED_0402_1005Metric,197.083085,-60.310585,-45,top
D367,LED,LED_0402_1005Metric,195.333085,-60.310585,-45,top
D368,LED,LED_0402_1005Metric,193.583085,-60.310585,-45,top
D369,LED,LED_0402_1005Metric,191.833085,-60.310585,-45,top
D370,LED,LED_0402_1005Metric,190.083085,-60.310585,-45,top
D371,LED,LED_0402_1005Metric,188.333085,-60.310585,-45,top
D372,LED,LED_0402_1005Metric,186.583085,-60.310585,-45,top
D373,LED,LED_0402_1005Metric,184.833085,-60.310585,-45,top
D374,LED,LED_0402_1005Metric,183.083085,-60.310585,-45,top
D375,LED,LED_0402_1005Metric,181.333085,-60.310585,-45,top
D376,LED,LED_0402_1005Metric,179.583085,-60.310585,-45,top
D377,LED,LED_0402_1005Metric,177.833085,-60.310585,-45,top
D378,LED,LED_0402_1005Metric,176.083085,-60.310585,-45,top
D379,LED,LED_0402_1005Metric,211.083085,-62.560585,-45,top
D380,LED,LED_0402_1005Metric,209.333085,-62.560585,-45,top
D381,LED,LED_0402_1005Metric,207.583085,-62.560585,-45,top
D382,LED,LED_0402_1005Metric,205.833085,-62.560585,-45,top
D383,LED,LED_0402_1005Metric,204.083085,-62.560585,-45,top
D384,LED,LED_0402_1005Metric,202.333085,-62.560585,-45,top
D385,LED,LED_0402_1005Metric,200.583085,-62.560585,-45,top
D386,LED,LED_0402_1005Metric,198.833085,-62.560585,-45,top
D387,LED,LED_0402_1005Metric,197.083085,-62.560585,-45,top
D388,LED,LED_0402_1005Metric,195.333085,-62.560585,-45,top
D389,LED,LED_0402_1005Metric,193.583085,-62.560585,-45,top
D390,LED,LED_0402_1005Metric,191.833085,-62.560585,-45,top
D391,LED,LED_0402_1005Metric,190.083085,-62.560585,-45,top
D392,LED,LED_0402_1005Metric,188.333085,-62.560585,-45,top
D393,LED,LED_0402_1005Metric,186.583085,-62.560585,-45,top
D394,LED,LED_0402_1005Metric,184.833085,-62.560585,-45,top
D395,LED,LED_0402_1005Metric,183.083085,-62.560585,-45,top
D396,LED,LED_0402_1005Metric,181.333085,-62.560585,-45,top
D397,LED,LED_0402_1005Metric,179.583085,-62.560585,-45,top
D398,LED,LED_0402_1005Metric,177.833085,-62.560585,-45,top
D399,LED,LED_0402_1005Metric,176.083085,-62.560585,-45,top
D400,LED,LED_0402_1005Metric,211.083085,-64.420585,-45,top
D401,LED,LED_0402_1005Metric,209.333085,-64.420585,-45,top
D402,LED,LED_0402_1005Metric,207.583085,-64.420585,-45,top
D403,LED,LED_0402_1005Metric,205.833085,-64.420585,-45,top
D404,LED,LED_0402_1005Metric,204.083085,-64.420585,-45,top
D405,LED,LED_0402_1005Metric,202.333085,-64.420585,-45,top
D406,LED,LED_0402_1005Metric,200.583085,-64.420585,-45,top
D407,LED,LED_0402_1005Metric,198.833085,-64.420585,-45,top
D408,LED,LED_0402_1005Metric,197.083085,-64.420585,-45,top
D409,LED,LED_0402_1005Metric,195.333085,-64.420585,-45,top
D410,LED,LED_0402_1005Metric,193.583085,-64.420585,-45,top
D411,LED,LED_0402_1005Metric,191.833085,-64.420585,-45,top
D412,LED,LED_0402_1005Metric,190.083085,-64.420585,-45,top
D413,LED,LED_0402_1005Metric,188.333085,-64.420585,-45,top
D414,LED,LED_0402_1005Metric,186.583085,-64.420585,-45,top
D415,LED,LED_0402_1005Metric,184.833085,-64.420585,-45,top
D416,LED,LED_0402_1005Metric,183.083085,-64.420585,-45,top
D417,LED,LED_0402_1005Metric,181.333085,-64.420585,-45,top
D418,LED,LED_0402_1005Metric,179.583085,-64.420585,-45,top
D419,LED,LED_0402_1005Metric,177.833085,-64.420585,-45,top
D420,LED,LED_0402_1005Metric,176.083085,-64.420585,-45,top
D421,LED,LED_0402_1005Metric,211.083085,-66.620585,-45,top
D422,LED,LED_0402_1005Metric,209.333085,-66.620585,-45,top
D423,LED,LED_0402_1005Metric,207.583085,-66.620585,-45,top
D424,LED,LED_0402_1005Metric,205.833085,-66.620585,-45,top
D425,LED,LED_0402_1005Metric,204.083085,-66.620585,-45,top
D426,LED,LED_0402_1005Metric,202.333085,-66.620585,-45,top
D427,LED,LED_0402_1005Metric,200.583085,-66.620585,-45,top
D428,LED,LED_0402_1005Metric,198.833085,-66.620585,-45,top
D429,LED,LED_0402_1005Metric,197.083085,-66.620585,-45,top
D430,LED,LED_0402_1005Metric,195.333085,-66.620585,-45,top
D431,LED,LED_0402_1005Metric,193.583085,-66.620585,-45,top
D432,LED,LED_0402_1005Metric,191.833085,-66.620585,-45,top
D433,LED,LED_0402_1005Metric,190.083085,-66.620585,-45,top
D434,LED,LED_0402_1005Metric,188.333085,-66.620585,-45,top
D435,LED,LED_0402_1005Metric,186.583085,-66.620585,-45,top
D436,LED,LED_0402_1005Metric,184.833085,-66.620585,-45,top
D437,LED,LED_0402_1005Metric,183.083085,-66.620585,-45,top
D438,LED,LED_0402_1005Metric,181.333085,-66.620585,-45,top
D439,LED,LED_0402_1005Metric,179.583085,-66.610585,-45,top
D440,LED,LED_0402_1005Metric,177.833085,-66.620585,-45,top
D441,LED,LED_0402_1005Metric,176.083085,-66.620585,-45,top
D442,LED,LED_0402_1005Metric,211.083085,-68.810585,-45,top
D443,LED,LED_0402_1005Metric,209.333085,-68.810585,-45,top
D444,LED,LED_0402_1005Metric,207.583085,-68.810585,-45,top
D445,LED,LED_0402_1005Metric,205.833085,-68.810585,-45,top
D446,LED,LED_0402_1005Metric,204.083085,-68.810585,-45,top
D447,LED,LED_0402_1005Metric,202.333085,-68.810585,-45,top
D448,LED,LED_0402_1005Metric,200.583085,-68.810585,-45,top
D449,LED,LED_0402_1005Metric,198.833085,-68.810585,-45,top
D450,LED,LED_0402_1005Metric,197.083085,-68.810585,-45,top
D451,LED,LED_0402_1005Metric,195.333085,-68.810585,-45,top
D452,LED,LED_0402_1005Metric,193.583085,-68.810585,-45,top
D453,LED,LED_0402_1005Metric,191.833085,-68.810585,-45,top
D454,LED,LED_0402_1005Metric,190.083085,-68.810585,-45,top
D455,LED,LED_0402_1005Metric,188.333085,-68.810585,-45,top
D456,LED,LED_0402_1005Metric,186.583085,-68.810585,-45,top
D457,LED,LED_0402_1005Metric,184.833085,-68.810585,-45,top
D458,LED,LED_0402_1005Metric,183.083085,-68.810585,-45,top
D459,LED,LED_0402_1005Metric,181.333085,-68.810585,-45,top
D460,LED,LED_0402_1005Metric,179.583085,-68.810585,-45,top
D461,LED,LED_0402_1005Metric,177.833085,-68.810585,-45,top
D462,LED,LED_0402_1005Metric,176.083085,-68.810585,-45,top
R1,27Ω,R_0402_1005Metric,207.4,-81.19,-90,top
R2,27Ω,R_0402_1005Metric,209,-81,-135,top
R3,1k,R_0402_1005Metric,210.93,-77.95,180,top
R4,DNF,R_0402_1005Metric,211.25,-74.95,180,top
SW1,SW_Push,SW_SPST_B3U-1000P,186.95,-87.8,180,top
SW2,SW_Push,SW_SPST_B3U-1000P,181.25,-92.3,180,top
SW3,SW_Push,SW_SPST_B3U-1000P,192.95,-92.3,180,top
SW4,SW_Push,SW_SPST_B3U-1000P,186.95,-96.8,180,top
SW5,SW_Push,SW_SPST_B3U-1000P,201.799999,-95.4,180,top
SW6,SW_Push,SW_SPST_B3U-1000P,214.2,-95.5,180,top
U1,SC091413,QFN56_7X7_RPI,206.5,-87,0,top
U2,W25Q16JVUXIQ,W25Q16JVUXIQ_WIN,201.8516,-79.75,0,top
